,,,,,,,,
,,,,,,,,
,,,,,,,,
,,,,,,,,
,,,,,,,,
,,,,,,,,
,,,,,,,,
,,,,,,,,
,,,,,,,,
LISTA DE PRECIOS FORRAJERÍA,,,,,,,,
,,,,,,,,
,,,,,,,,
,,,,,,,,
,,,,,,,,
BALANCEADOS,,,,,,,,
,,,,,,,,
COD,DESCRIPCION, KG,BOLSA,KG,,,,
1,BEBE x 25 Kg  - GANAVE,25, $  18.800 , $  900 ,,,,
2,RECRIA x 25 Kg - GANAVE,25, $  18.800 , $  900 ,,,,
3,ENGORDE x 25 Kg - GANAVE,25, $  19.000 , $  1.000 ,,,,
4,POSTURA x 25 Kg - GANAVE,25, $  18.800 , $  900 ,,,,
5,CONEJO x 25 Kg - GANAVE,25, $  14.400 , $  700 ,,,,
6,CONEJO X 25 KG - CONECAR,25, $  15.800 , $  800 ,,,,
7,CONEJO X 25 KG - GEPSA,25, $  16.300 , $  800 ,,,,
9,FORTALEZA PROFESIONAL X 25 KG,25, $  28.900 , $  1.400 ,,,,
10,PAJARO 4 mm x 25 Kg - GANAVE,25, $  47.700 , $  2.400 ,,,,
11,PAJARO 3 mm x 25 kg - GEPSA,25, $  48.400 , $  2.400 ,,,,
24,CONEJO C Y R X 25 KG - GEPSA,25,,,,,,
50,CABALLO X 40 KG,40, $  17.700 , $  800 ,,,,
51,CERDO X 40 KG,40, $  20.100 , $  900 ,,,,
53,LECHON X 40 KG,40, $  22.300 , $  1.000 ,,,,
54,PONEDORA 0-6 SEMANAS X 40KG,40, $  19.900 , $  900 ,,,,
56,PONEDORA 15-17 SEMANAS X 40KG ,40, $  19.900 , $  900 ,,,,
57,PONEDORA POSTURA X 40 KG,40, $  19.900 , $  900 ,,,,
63,PREINICIADOR X40KG,40, $  22.700 , $  1.000 ,,,,
59,INICIADOR X 40 KG ,40, $  24.700 , $  1.100 ,,,,
60,TERMINADOR X 40 KG,40, $  21.600 , $  1.000 ,,,,
,,,,,,,,
,,,,,,,,
ALIMENTO PERRO Y GATO,,,,,,,,
,,,,,,,,
COD,DESCRIPCION, KG,BOLSA,KG,,,,
,PERRO:,,,,,,,
160,ARROZ PARA PERRO LUMPY,15, $  12.800 , $  1.300 ,,,,
134,BELCAN ADULO X 22,22, $  26.000 , $  1.500 ,,,,
135,BELCAN CACHORRO X 15,15, $  21.200 , $  1.800 ,,,,
10165,CHICHARRON X 2 KG,2, $  2.500 , $  -   ,,,,
10166,CHICHARRON X TORTA ,1, $  1.000 , $  -   ,,,,
161,COMPINCHE PERRO X 25,25, $  17.700 , $  900 ,,,,
10101,DOGUI ADULTO 21KG,21, $  44.600 , $  2.400 ,,,,
123,DS CRIADORES ADULTO X 21 KG,21, $  38.500 , $  2.300 ,,,,
126,DS CRIADORES CACHORRO X 21 KG,21, $  43.700 , $  2.600 ,,,,
125,DS CRIADORES CACHORRO X 15 KG,15, $  -   , $  -   ,,,,
124,DS CRIADORES RAZA PEQUEÐA X 15 KG,15, $  28.900 , $  2.400 ,,,,
10105,DUCHO 15KG,15, $  21.700 , $  1.600 ,,,,
10106,DUCHO 21KG,21, $  30.200 , $  1.500 ,,,,
10108,EUKANUBA ADULTO 15KG,15, $  96.700 , $  7.200 ,,,,
10107,EUKANUBA CACHORRO 15KG,15, $  99.500 , $  7.400 ,,,,
165,FLECKY ADULTO CARNE  X 15 KG,15, $  11.400 , $  -   ,,,,
166,FLECKY ADULTO CARNE  X 21 KG,21, $  15.600 , $  900 ,,,,
163,FLECKY ADULTO MIX X 15 KG,15, $  11.400 , $  -   ,,,,
164,FLECKY ADULTO MIX X 21 KG,21, $  15.600 , $  900 ,,,,
167,FLECKY CACHORRO X 10 KG,10, $  10.800 , $  1.400 ,,,,
130,GRAN CAMPEON ADULTO X 21 KG,21, $  26.200 , $  1.600 ,,,,
131,GRAN CAMPEON CACHORRO X 10 KG,10, $  16.000 , $  2.000 ,,,,
132,PACHA MIX X 15 KG,15, $  16.600 , $  1.400 ,,,,
133,PACHA MIX X 22 KG,22, $  23.700 , $  1.300 ,,,,
10110,PEDIGREE ADULTO 21KG,21, $  58.500 , $  3.100 ,,,,
10109,PEDIGREE CACHORRO 21KG,21, $  62.200 , $  3.300 ,,,,
10111,PEDIGREE RAZA PEQUEÑA 15KG,15, $  46.500 , $  3.500 ,,,,
105,ROSCO CACHORRO x 15 KG,15, $  19.400 , $  1.600 ,,,,
100,ROSCO CARNE x 15 KG,15, $  14.100 , $  -   ,,,,
101,ROSCO CARNE x 22 KG,22, $  19.500 , $  1.100 ,,,,
103,ROSCO COCK x 15 KG,15, $  15.400 , $  -   ,,,,
104,ROSCO COCK x 22 KG,22, $  21.700 , $  1.200 ,,,,
102,ROSCO POLLO x 15 KG,15, $  14.100 , $  1.200 ,,,,
10117,SABROSITOS ADULTO 15KG,15, $  21.500 , $  -   ,,,,
10118,SABROSITOS ADULTO 22KG,22, $  30.200 , $  1.500 ,,,,
10116,SABROSITOS CACHORRO 18KG,18, $  34.700 , $  2.100 ,,,,
10115,SABROSITOS CACHORRO 8KG,8, $  20.500 , $  -   ,,,,
117,TIERNITO CACHO x 21 KG,21, $  31.500 , $  1.900 ,,,,
116,TIERNITO CACHOx 15 KG,15, $  26.100 , $  -   ,,,,
110,TIERNITO CARNE  x 15 KG,15, $  23.500 , $  2.000 ,,,,
111,TIERNITO CARNE  x 21 KG,21, $  29.800 , $  -   ,,,,
114,TIERNITO VEGET x 15 KG,15, $  23.500 , $  -   ,,,,
115,TIERNITO VEGET x 21 KG,21, $  29.800 , $  1.800 ,,,,
150,ZIMPI X 15 KG,15, $  11.400 , $  -   ,,,,
151,ZIMPI X 25 KG,25, $  17.700 , $  900 ,,,,
168,COMPLETE PERRO ADULTO RAZA PEQ X 20KG,20, $  51.200 , $  3.200 ,,,,
169,COMPLETE PERRO ADULTO RAZA MED Y GDE X 20KG,20, $  48.500 , $  3.000 ,,,,
172,"BALANCED CACHORRO RAZA PEQ X 7,5KG","7,5", $  38.700 , $  6.400 ,,,,
173,BALANCED CACHORRO RAZA MED X 20KG,20, $  79.100 , $  4.900 ,,,,
174,BALANCED CACHORRO RAZA GRANDE X 20KG,20, $  79.100 , $  4.900 ,,,,
175,"BALANCED ADULTO RAZA PEQUEÑA X 7,5KG","7,5", $  32.400 , $  5.400 ,,,,
181,BALANCED ADULTO RAZA MEDIANA X 20KG,20, $  64.500 , $  4.000 ,,,,
176,BALANCED ADULTO RAZA GRANDE X 20KG,20, $  -   , $  -   ,,,,
177,PREMIUM CACHORRO X 15KG,15, $  39.300 , $  3.300 ,,,,
178,PREMIUM PERRO ADULTO RAZA PEQ X 20KG,20, $  42.900 , $  2.700 ,,,,
179,PREMIUM PERRO ADULTO X 20KG,20, $  42.900 , $  2.700 ,,,,
140,GRAN CAMPEON MAITENANCE,21, $  26.200 , $  1.600 ,,,,
232,EXACT PREMIUM ADULTO 18KG,18, $  25.700 , $  1.700 ,,,,
231,EXACT PREMIUM CACHORRO 15KG,15, $  21.500 , $  1.600 ,,,,
234,EXACT CRIADORES ADULTO X 20K,20, $  20.600 , $  1.200 ,,,,
235,EXACT PREMIUM CACHORRO 15KG,15, $  15.500 , $  1.200 ,,,,
190,SNACK TIERNITO DENTAL R. MEDIANA X 20U,20, $  26.100 , $  1.700 ,,,,
191,SNACK TIERNITO DENTAL R. PEQUEÑA X 30U,30, $  35.200 , $  1.500 ,,,,
192,SNACK TIERNITO ESTRELLA X 12U,12, $  18.300 , $  2.000 ,,,,
193,SNACK TIERNITO BOCADITOS X 12U,12, $  18.300 , $  2.000 ,,,,
194,SALSA TIERNITO CARNE X 100 GR ,, $  800 ,,,,,
195,SALSA TIERNITO CORDERO X 100 GR ,, $  800 ,,,,,
196,SALSA TIERNITO PAVITA X 100 GR + 20GR ,, $  800 ,,,,,
,,,,,,,,
,,,,,,,,
,,,,,,,,
,GATO:, KG, BOLSA, KG,,,,
210,9 LIVES  CARNE  x 15 KG,15, $  43.300 , $  3.600 ,,,,
212,9 LIVES GATITO x 8 KG,8, $  25.700 , $  4.000 ,,,,
211,9 LIVES SALMON Y ATUN x 15 KG,15, $  43.300 , $  3.600 ,,,,
214,9 LIVES SALMON Y ATUN x 8 KG,8, $  -   , $  -   ,,,,
215,9 LIVES  Castrado  x 15 KG,15, $  43.000 , $  3.600 ,,,,
136,BELCAN GATO X 10,10, $  22.300 , $  2.800 ,,,,
185,ZIMPI GATO X15 KG,15, $  16.900 , $  1.400 ,,,,
137,GRAN CAMPEON GATO X 10 KG,10, $  21.800 , $  2.700 ,,,,
10201,CAT CHOW ADULTOS 15+3 KG,15, $  90.600 , $  6.800 ,,,,
10202,CAT CHOW GATITOS 15KG,15, $  99.000 , $  7.400 ,,,,
243,CHEF CAT GATOS ADULTOS X 15 KG,15, $  16.900 , $  1.400 ,,,,
242,CHEF CAT GATOS ADULTOS X 8 KG,8, $  10.500 , $  1.600 ,,,,
281,FULL CAT GATO PESCADO X10KG,10, $  11.900 , $  1.500 ,,,,
10204,GATTI 15+3KG PESCADO,18, $  34.700 , $  2.200 ,,,,
10203,GATTI 15KG CARNE,15, $  34.700 , $  2.600 ,,,,
10205,GATTI 15KG POLLO,15, $  34.700 , $  2.600 ,,,,
102061,POUCH GATO SALSA X CAJA,12, $  -   , $  -   ,,,,
10206,POUCH GATO SALSA X SOBRE ,1, $  1.200 , $  -   ,,,,
201,ROSCO GATO COCK x 10 KG,10, $  16.100 , $  2.000 ,,,,
200,ROSCO GATO PESCADO x 10 KG,10, $  15.500 , $  1.900 ,,,,
10236,SABROSITOS 10 KG MIX GATO,10, $  22.700 , $  2.400 ,,,,
10207,SABROSITOS 10KG PESCADO,10, $  24.700 , $  2.700 ,,,,
10237,SABROSITOS 20 KG MIX GATO,20, $  44.200 , $  2.400 ,,,,
10208,SABROSITOS 20KG PESCADO,20, $  48.000 , $  2.600 ,,,,
10209,WHISKAS 10KG CARNE,10, $  45.500 , $  5.100 ,,,,
10210,WHISKAS 10KG CARNE Y LECHE,10, $  45.500 , $  5.100 ,,,,
10211,WHISKAS 10KG PESCADO,10, $  45.500 , $  5.100 ,,,,
10212,WHISKAS 10KG POLLO Y  LECHE,10, $  45.500 , $  5.100 ,,,,
170,COMPLETE GATO ADULTO X 15KG,15, $  61.500 , $  5.100 ,,,,
171,"COMPLETE GATO CASTRADO X 7,5KG","7,5", $  38.000 , $  6.300 ,,,,
180,"PREMIUM GATO ADULTO X 7,5KG","7,5", $  31.300 , $  5.200 ,,,,
233,EXACT PREMIUM GATO URINARIO 8KG,8, $  21.700 , $  3.100 ,,,,
236,EXACT CRIADORES GATO X 10K,10, $  17.000 , $  1.900 ,,,,
,SANITARIOS GATO,,,,,,,
995,"PIEDRAS SANITARIAS MI NINO 12,5","12,5", $  5.600 ,,,,,
1009,PIEDRAS SANITARIAS X 20 KG,20, $  8.000 , $  500 ,,,,
1010,PELLET SANITARIO P/ GATO X 10KG,10, $  6.900 , $  800 ,,,,
,,,,,,,,
,,,,,,,,
,,,,,,,,
CEREALES PARA DESAYUNO,,,,,,,,
,,,,,,,,
COD,DESCRIPCION, KG,BOLSA,100GR,,,,
301,ALMOHADITA DE FRUTILLA X 2.5 KG,"2,5", $  15.900 , $  900 ,,,,
310,ANILLOS DE MIEL X 2.5 KG,"2,5", $  12.500 , $  900 ,,,,
311,ANILLOS FRUTADOS x 2.5 Kg,"2,5", $  11.200 , $  900 ,,,,
320,BOLITAS DE CHOCOLATE x 2.5 Kg,"2,5", $  12.600 , $  900 ,,,,
321,COPITA DE CHOCOLATE X 2.5 KG,"2,5", $  13.200 , $  900 ,,,,
330,CEREAL CON AZUCAR x 2.5 Kg,"2,5", $  10.300 , $  900 ,,,,
331,CEREAL INTEGRAL x 2.5 Kg,"2,5", $  12.100 , $  900 ,,,,
332,CEREAL SIN AZUCAR X 2.5 KG,"2,5", $  10.600 , $  900 ,,,,
340,FIBRAS DE SALVADO x 1Kg,1, $  4.900 , $  900 ,,,,
351,GRANOLA MIX X 1 KG,1, $  7.000 , $  900 ,,,,
352,GRANOLA x 1.5 kg,"1,5", $  10.500 , $  900 ,,,,
361,OSITOS DE FRUTILLA x 2.5 Kg,"2,5", $  12.400 , $  900 ,,,,
362,OSITOS DE MIEL x 2.5 Kg,"2,5", $  11.100 , $  900 ,,,,
350,GRANOLA DE CHOCOLATE 1 KG,1, $  7.800 , $  900 ,,,,
353,GRANOLA 5 SEMILLAS,1, $  8.100 , $  900 ,,,,
,,,,,,,,
,,,,,,,,
CEREALES Y MEZCLAS,,,,,,,,
,,,,,,,,
COD,DESCRIPCION, kg bolsa,UNIDAD/KG,100 GR,5 KG,10 KG,BOLSA,
,CEREALES Y FORRAJES,,,,,,,
451,AFRECHO,30,,,,, $  11.065 ,
400,ALPISTE,, $  1.600 ,, $  1.500 ,, $  1.373 ,
452,ARVEJA PARTIDA,, $  700 ,, $  600 ,, $  603 ,
453,AVENA FORRAJERA X KG,, $  600 ,,,, $  477 ,
454,AVENA PELADA,, $  1.400 ,, $  1.300 ,, $  1.195 ,
483,CABALLO PREMIUM X 30KG,30, $  500 ,,,, $  14.700 ,
455,CARTAMO,, $  1.300 ,, $  1.200 ,, $  1.154 ,
456,COLZA,, $  1.500 ,, $  1.400 ,, $  1.300 ,
457,GIRASOL CHICO,, $  1.200 ,, $  1.100 ,, $  1.000 ,
458,GIRASOL GRANDE,, $  1.900 ,, $  1.800 ,, $  1.700 ,
459,GIRASOL PELADO,, $  4.400 ,,, $  4.100 , $  3.800 ,
401,LINO,, $  2.400 , $  900 , $  2.300 ,, $  2.100 ,
,MAIZ,,,,,,,
460,MAIZ,40, $  700 ,,,, $  16.980 ,
486,MAIZ BT X20KG,20, $  -   ,,,, $  51.000 ,
461,MAIZ CUARENTIN,, $  2.000 ,, $  1.800 ,, $  1.700 ,
462,MAIZ LEALES 25 PLUS X20KG,20, $  -   ,,,, $  44.200 ,
463,MAIZ QUEBRADO,30, $  800 ,,,, $  17.000 ,
476,MAIZ QUEBRADO FINO X 30 KG,30, $  800 ,,,, $  17.000 ,
478,MAIZ QUEBRADO GRUESO X 30 KG,30, $  800 ,,,, $  17.000 ,
477,MAIZ QUEBRADO MEDIANO X 30 KG,30, $  800 ,,,, $  17.000 ,
,MEZCLAS,,,,,,,
479,MEZCLA C/ PUNTILLA,, $  600 ,, $  550 ,, $  520 ,
466,MEZCLA C/ VIT,, $  1.600 ,, $  1.500 ,, $  1.400 ,
482,MEZCLA FINA ESPECIAL,, $  800 ,, $  800 ,, $  700 ,
464,MEZCLA GALLO,, $  800 ,, $  700 ,, $  680 ,
491,MEZCLA GALLO PREMIUM,, $  1.000 ,, $  900 ,, $  800 ,
468,MEZCLA GRUESA,, $  900 ,, $  730 ,, $  630 ,
470,MEZCLA PAJARO,, $  1.300 ,, $  1.200 ,, $  1.120 ,
402,MIJO,, $  900 ,, $  720 ,, $  690 ,
406,MIX SEMILLAS,, $  4.400 , $  500 ,,, $  3.700 ,
471,PELLET,38, $  600 ,,,, $  14.200 ,
485,PELLET DE ALFA,25, $  700 ,,,, $  15.200 ,
407,QUINOA,, $  8.600 , $  900 ,, $  8.100 , $  7.300 ,
472,S M 2020,, $  -   ,,,, $  4.200 ,
409,SALVADO DE AVENA,, $  2.500 ,, $  2.300 ,, $  2.200 ,
410,SALVADO DE TRIGO,, $  900 ,, $  870 ,, $  800 ,
484,SEMILLA DE ALFA X KG,25, $  16.100 ,,,, $  14.100 ,
10380,SEMILLA DE ALFA RR X KG,25, $  18.400 ,,,, $  16.100 ,
405,SESAMO,, $  3.200 , $  800 ,,, $  2.700 ,
404,SOJA,, $  2.000 ,, $  1.500 ,, $  1.251 ,
403,SORGO,, $  700 ,, $  260 ,, $  377 ,
473,TRIGO FORRAJERO X KG,, $  500 ,,,, $  380 ,
474,VICIA,, $  1.300 ,, $  1.260 ,, $  1.100 ,
475,VITAMINA,, $  2.000 ,, $  1.900 ,, $  1.700 ,
,,,,,,,,
,,,,,,,,
,,,,,,,,
,,,,,,,,
,,,,,,,,
CONDIMENTOS,,,,,,,,
,,,,,,,,
COD,DESCRIPCION, KG,KG,GR,,,,
500,ADOBO P/CARNE,, $  3.900 , $  500 ,,,,
501,ADOBO P/PIZZA,, $  3.900 , $  500 ,,,,
502,AJI CAYENA,, $  3.900 , $  500 ,,,,
10517,AJÍ OCOTO X KG,, $  10.500 , $  1.300 ,,,,
503,AJI ROJO,, $  3.900 , $  500 ,,,,
10502,AJO POLVO X KG,, $  11.300 , $  1.400 ,,,,
504,ANIS EN GRANO,, $  14.000 , $  1.800 ,,,,
505,AZUCAR IMPALPABLE,, $  2.100 , $  270 ,,,,
506,AZUCAR MASCABO,, $  4.300 , $  550 ,,,,
507,BICARBONATO,, $  3.500 , $  500 ,,,,
10504,CANELA EN POLVO X GR,,, $  17.300 ,,,,
10505,CANELA EN RAMA X GR,,, $  67.500 ,,,,
10506,CASCARILLA X GR,,, $  6.800 ,,,,
523,CHIMICHURRI,, $  3.900 , $  500 ,,,,
10503,CLAVO DE OLOR X GR,,, $  67.500 ,,,,
508,COCO RALLADO,, $  11.600 , $  1.500 ,,,,
509,COMINO COMUN,, $  3.900 , $  500 ,,,,
510,COMINO EN GRANO,, $  21.700 , $  2.800 ,,,,
10500,COMINO ESPECIAL X KG,, $  3.800 ,,,,,
10507,CONDIMENTO HAMBURGUESAS 1KG,, $  14.600 ,,,,,
511,CONDIMENTO P/ARROZ,, $  7.800 , $  1.000 ,,,,
10508,CONDIMIENTO CHORIZO 1KG,, $  11.900 ,,,,,
512,CURCUMA,, $  3.900 , $  500 ,,,,
513,CURRY,, $  9.300 , $  1.200 ,,,,
10509,GENGIBRE EN POLVO X GR,,, $  1.200 ,,,,
10510,GENGIBRE EN RAMA X GR,,, $  1.500 ,,,,
514,NUEZ MOSCADA,, $  500 , $  100 ,,,,
515,OREGANO,, $  3.900 , $  500 ,,,,
516,OREGANO premium,, $  7.800 , $  1.000 ,,,,
524,PIMENTON ESPAÑOL,, $  3.100 , $  400 ,,,,
525,PIMENTON MORRON,, $  3.900 , $  500 ,,,,
527,PIMIENTA BLANCA,, $  2.000 , $  300 ,,,,
519,PIMIENTA BLANCA premium,, $  7.800 , $  1.000 ,,,,
10511,PIMIENTA EN GRANO X GR,,, $  5.300 ,,,,
10512,PIMIENTA MOLIDA NEGRA X GR,,, $  2.100 ,,,,
520,POLVO PARA HORNEAR,, $  7.800 , $  1.000 ,,,,
521,PROVENZAL,, $  2.900 , $  400 ,,,,
522,PROVENZAL PREMIUM,, $  3.900 , $  500 ,,,,
10513,ROMERO X GR,,, $  1.300 ,,,,
10514,TOMILLO X GR,,, $  1.200 ,,,,
10515,VAINILLIN CHICO,, $  500 ,,,,,
10516,VAINILLIN GRANDE,, $  900 ,,,,,
528,CACAO AMARGO,, $  10.700 , $  1.400 ,,,,
,,,,,,,,
SNACKS,,,,,,,,
,,,,,,,,
COD,DESCRIPCION,,UNIDAD,KG/UD,100GR,,,
10660,ACEITUNA X BOTE,, $  35.000 ,,,,,
10661,ACEITUNA X KG,,, $  7.500 , $  900 ,,,
618,ALMENDRA P/ MIX,,, $  26.300 , $  3.300 ,,,
600,ALMENDRAS,,, $  27.800 , $  3.500 ,,,
601,BANANA,,, $  17.400 , $  2.200 ,,,
10651,CHIZITO 5KG,, $  26.200 , $  5.900 , $  800 ,,,
602,CIRUELA,,, $  6.400 , $  800 ,,,
604,CIRUELA PRESIDENTA,,, $  10.800 , $  1.400 ,,,
605,CIRUELA SIN CAROZO,,, $  8.400 , $  1.000 ,,,
10653,CONITO 5KG,, $  65.900 , $  14.800 , $  2.100 ,,,
606,FRUTA ABRILLANTADA,,, $  4.500 , $  600 ,,,
607,HIGOS,,, $  9.000 , $  1.100 ,,,
650,MANI C/ CHOCOLATE,,, $  8.900 , $  1.100 ,,,
10672,MANI SALADO KING X KG,, $  4.000 , $  4.900 , $  700 ,,,
652,MANI SABORIZADO,,, $  4.500 , $  600 ,,,
10669,MANI CON CASCARA KING X KG,, $  4.100 , $  3.900 , $  500 ,,,
10670,MANI SIN SAL KING X KG,, $  4.000 , $  4.900 , $  700 ,,,
608,MEDALLONES,,, $  12.300 , $  1.500 ,,,
610,MIX ENERGETICO S/C,,, $  10.300 , $  1.400 ,,,
612,NUEZ PELADA AMBAR,,, $  19.000 , $  2.400 ,,,
617,NUEZ PELADA LIGHT,,, $  20.500 , $  2.600 ,,,
655,PALITO SALADO,,, $  5.300 , $  700 ,,,
10654,PAPA FACU 1KG,,, $  9.600 , $  1.300 ,,,
10655,PAPA FACU CAJA,, $  48.200 , $  -   , $  -   ,,,
10663,PAPAS CHEDAR,,, $  14.700 , $  1.800 ,,,
613,PASAS CON SEMILLA,,, $  2.200 , $  300 ,,,
614,PASAS SIN SEMILLA,,, $  5.700 , $  700 ,,,
661,PASTA DE MANI NATURAL X 485GR X 12U- KING,12, $  31.000 , $  3.000 , $  -   ,,,
662,PASTA DE MANI ORIGINAL X 350GR X 12U - KING,12, $  26.400 , $  2.600 , $  -   ,,,
665,PASTA DE MANI NATURAL X 1KG X 6U - KING,6, $  28.000 , $  5.400 ,,,,
663,PASTA DE MANI NATURAL X 3KG - KING,, $  13.600 ,,,,,
679,PASTA DE MANI VITA+ X 350GR X 12U- Mani King,12, $  28.800 , $  5.600 ,,,,
689,PASTA DE MANI NATURAL BORIS X 400G X 12U,, $  29.700 ,,,,,
690,PASTA DE MANI NATURAL BORIS X 800G X 6U,, $  24.800 ,,,,,
691,PASTA DE MANI NATURAL BORIS X 4k,, $  17.400 ,,,,,
692,PASTA DE MANI DULCE BORIS X 400G X 12U,, $  34.700 ,,,,,
693,PASTA DE MANI CHOCO BORIS X 400G X 12U,, $  36.300 ,,,,,
685,PASTA DE MANI NATURAL 4KG ,, $  16.900 ,,,,,
694,BARRITAS BORIS x 12U,, $  1.000 ,,,,,
615,PELONES,,, $  10.500 , $  1.300 ,,,
616,PERAS,,, $  9.000 , $  1.100 ,,,
10671,PRALINE KING X KG ,, $  4.000 , $  4.300 , $  500 ,,,
10657,PUFLITO X 8KG,, $  22.800 , $  3.200 , $  400 ,,,
10664,TUTUCA DE TRIGO,,, $  4.100 , $  600 ,,,
10665,TUTUCA X 5 KG,, $  19.800 , $  4.400 , $  600 ,,,
10659,TUTUCA X 7 KG,, $  27.100 , $  4.300 , $  600 ,,,
,,,,,,,,
,,,,,,,,
,,,,,,,,
LEGUMBRES,,,,,,,,
,,,,,,,,
COD,DESCRIPCION,, KG,100 GR,5 KG,BOLSA/10kg,,
700,ARROZ,, $  2.000 ,, $  1.700 , $  1.500 ,,
701,ARROZ INTEGRAL,, $  1.900 ,, $  1.700 , $  1.400 ,,
702,ARROZ YAMANI,, $  2.400 ,, $  2.000 , $  1.800 ,,
703,AVENA ARROLLADA,, $  2.000 ,, $  1.700 , $  1.600 ,,
704,AVENA INSTANTANEA,, $  2.100 ,, $  1.800 , $  1.600 ,,
705,BURGOL FINO,, $  2.000 ,, $  1.700 , $  1.500 ,,
708,CHIA,, $  6.900 , $  900 , $  -   , $  6.000 ,,
709,FRANGOLLO,, $  2.300 , $  200 , $  -   , $  2.000 ,,
710,GARBANZO,, $  2.100 ,, $  1.800 , $  1.500 ,,
711,HARINA DE ARROZ BLANCO,, $  1.600 ,, $  1.500 , $  1.400 ,,
712,HARINA DE ARROZ INTEGRAL,, $  1.600 ,, $  1.500 , $  1.400 ,,
713,HARINA DE ARROZ YAMANI,, $  700 ,, $  700 , $  600 ,,
714,HARINA DE GARBANZO,, $  1.200 ,, $  1.100 , $  1.000 ,,
715,HARINA DE TRIGO INTEGRAL,, $  1.000 ,, $  900 , $  800 ,,
716,HARINA P/ TAMALES,, $  1.000 ,, $  700 , $  620 ,,
717,LENTEJAS,, $  3.500 ,, $  3.000 , $  2.590 ,,
718,MAICENA,, $  2.300 ,, $  2.000 , $  1.700 ,,
719,MAIZ M AMARILLO,, $  1.200 ,, $  1.000 , $  900 ,,
720,MAIZ M BLANCO,, $  2.000 ,, $  1.800 , $  1.580 ,,
721,PISINGALLO,, $  1.100 ,, $  900 , $  830 ,,
722,POLENTA,, $  1.080 ,, $  900 , $  780 ,,
723,POROTO ALUBIA,, $  3.700 ,, $  3.200 , $  2.700 ,,
724,POROTO PALLARES,, $  6.800 ,, $  5.900 , $  5.300 ,,
725,TRIGO P/ LOCRO,, $  2.000 ,, $  1.700 , $  1.500 ,,
707,CHALAS ,, $  54.500 ,,,,,
708,CHALAS X UNIDAD,, $  3.800 ,,,,,
,,,,,,,,
ACCESORIOS Y VENENOS,,,,,,,,
,,,,,,,,
COD,DESCRIPCION, UNIDAD,,,COD,DESCRIPCION,, UNIDAD
800,ANTIBIOTICO X 250 GR, $  -   ,,,1205,MACETA BERTA N░ 9,, $  700 
801,ANTIBIOTICO X 500 GR, $  -   ,,,1210,MACETA CLASICA N░ 10,, $  200 
802,ANTIBIOTICO X KG, $  30.600 ,,,1211,MACETA CLASICA N░ 11,, $  200 
750,ANTICLORO BONAQUA x 80cc, $  1.100 ,,,1212,MACETA CLASICA N░ 12,, $  300 
901,ARNES N░ 7, $  1.200 ,,,1213,MACETA CLASICA N░ 13,, $  500 
751,AZUL DE METILENO x 50 cc, $  1.300 ,,,1214,MACETA CLASICA N░ 14,, $  600 
803,BAÐERA PLASTICA N░ 1, $  500 ,,,1215,MACETA CLASICA N░ 15,, $  600 
804,BAÐERA PLASTICA N░ 2, $  500 ,,,1217,MACETA CLASICA N░ 17,, $  900 
805,BAÐERA PLASTICA N░ 3, $  700 ,,,1219,MACETA CLASICA N░ 19,, $  1.100 
806,BAÐERA PLASTICA N░ 4, $  1.100 ,,,1221,MACETA CLASICA N░ 21,, $  1.300 
903,BANDEJA SANITARIA, $  2.200 ,,,1224,MACETA CLASICA N░ 24,, $  1.700 
904,BAÑO BABS X 120 CC, $  5.300 ,,,1227,MACETA CLASICA N░ 27,, $  2.800 
905,BAÑO BABS X 70 CC, $  4.000 ,,,1229,MACETA CLASICA N░ 29,, $  4.000 
906,BAÑO GLACOXAN x  120 cc, $  6.800 ,,,1230,MACETA CLASICA N░ 30,, $  3.500 
907,BAÑO GLACOXAN x 70 cc, $  5.800 ,,,1235,MACETA CLASICA N░ 35,, $  5.800 
807,BASE PLASTICA BEBEDERO, $  1.600 ,,,1240,MACETA CLASICA N░ 40,, $  8.500 
808,BEBEDERO CON ALETA N░ 1, $  400 ,,,1245,MACETA CLASICA N░ 45,, $  10.300 
809,BEBEDERO CON ALETA N░ 2, $  -   ,,,1250,MACETA CLASICA N░ 50,, $  16.100 
810,BEBEDERO CON ALETA N░ 3, $  -   ,,,1206,MACETA CLASICA N░ 6,, $  100 
811,BEBEDERO CON GANCHO N░ 1, $  400 ,,,1260,MACETA CLASICA N░ 60,, $  19.800 
812,BEBEDERO CON GANCHO N░ 2, $  500 ,,,1208,MACETA CLASICA N░ 8,, $  100 
813,BEBEDERO CON GANCHO N░ 3, $  600 ,,,1312,MACETA CONICA N░ 12,, $  800 
1969,BEBEDERO HAMSTER - PLASTICO, $  3.700 ,,,1316,MACETA CONICA N░ 16,, $  1.400 
1970,BEBEDERO HAMSTER - VIDRIO, $  7.000 ,,,1320,MACETA CONICA N░ 20,, $  2.300 
814,BEBEDERO MEDIA CAÐA, $  400 ,,,1308,MACETA CONICA N░ 8,, $  400 
815,BEBEDERO PLASTICO X 3 LT, $  4.900 ,,,1410,MACETA CUADRADA N░ 10,, $  500 
817,BEBEDERO TUBO N░ 1, $  700 ,,,1412,MACETA CUADRADA N░ 12,, $  600 
818,BEBEDERO TUBO N░ 2, $  800 ,,,1414,MACETA CUADRADA N░ 14,, $  900 
819,BEBEDERO TUBO N░ 3, $  1.300 ,,,1406,MACETA CUADRADA N░ 6,, $  300 
820,BEBEDERO TUBO N░ 4, $  1.800 ,,,1408,MACETA CUADRADA N░ 8,, $  400 
908,BLISTER FINO P/ GATO x 12, $  9.500 ,,,1512,MACETA DECORATIVA N░ 12,, $  1.400 
1012,BOLS N░ 12, $  300 ,,,1514,MACETA DECORATIVA N░ 14,, $  1.700 
1015,BOLS N░ 15, $  300 ,,,1516,MACETA DECORATIVA N░ 16,, $  2.300 
1018,BOLS N░ 18, $  500 ,,,1506,MACETA DECORATIVA N░ 6,, $  700 
1021,BOLS N░ 21, $  800 ,,,1508,MACETA DECORATIVA N░ 8,, $  900 
1024,BOLS N░ 24, $  1.200 ,,,1615,MACETA IBIZA N░ 15,, $  1.400 
10907,BOZAL CHICO,#N/A,,,1620,MACETA IBIZA N░ 20,, $  2.800 
10909,BOZAL GRANDE,#N/A,,,1625,MACETA IBIZA N░ 25,, $  3.200 
10908,BOZAL MEDIANO,#N/A,,,1630,MACETA IBIZA N░ 30,, $  5.800 
1957,BRUMOLINE CEBO X 50 GR, $  1.300 ,,,1635,MACETA IBIZA N░ 35,, $  8.800 
909,CADENA DE VAREO FINA, $  2.100 ,,,1640,MACETA IBIZA N░ 40,, $  11.100 
910,CADENA DE VAREO GRUESA, $  5.200 ,,,1220,MACETA LIVIANA N° 14,, $  400 
911,CADENA DE VAREO MEDIANA, $  2.200 ,,,1202,MACETA LIVIANA N║ 10,, $  300 
913,CARDINA PLASTICA MEDIANA, $  2.200 ,,,1203,MACETA LIVIANA N║ 12,, $  300 
821,CEDE PASTON AL HUEVO x KG, $  -   ,,,1201,MACETA LIVIANA N║ 9,, $  200 
914,CEPILLO DOBLE CHICO, $  2.500 ,,,1730,MACETA PIRAMIDAL N░ 30,, $  6.000 
915,CEPILLO DOBLE GRANDE, $  3.600 ,,,1740,MACETA PIRAMIDAL N░ 40,, $  10.000 
916,CEPILLO DOBLE MEDIANO, $  2.700 ,,,1752,MACETA PIRAMIDAL N░ 52,, $  16.400 
918,COLLAR AHORQUE CHICO, $  2.300 ,,,1712,MACETA PREM CUADRA 12,, $  1.100 
919,COLLAR AHORQUE GRANDE, $  3.600 ,,,1716,MACETA PREM CUADRA 16,, $  1.900 
920,COLLAR AHORQUE MEDIANO, $  3.000 ,,,1720,MACETA PREM CUADRA 20,, $  3.500 
921,COLLAR ANTIPULGAS CHICO, $  6.200 ,,,1708,MACETA PREM CUADRA 8,, $  600 
922,COLLAR ANTIPULGAS GATO, $  6.800 ,,,1812,MACETA PREM REDON  12,, $  1.000 
923,COLLAR ANTIPULGAS GRANDE, $  7.600 ,,,1816,MACETA PREM REDON  16,, $  1.600 
924,COLLAR ANTIPULGAS MEDIANO, $  6.600 ,,,1818,MACETA PREM REDON  18,, $  2.100 
10900,COLLAR CUERO N° 1,#N/A,,,1822,MACETA PREM REDON  22,, $  3.800 
10901,COLLAR CUERO N° 2,#N/A,,,1827,MACETA PREM REDON  27,, $  7.100 
10902,COLLAR CUERO N° 3,#N/A,,,1808,MACETA PREM REDON  8,, $  500 
10903,COLLAR CUERO N° 4,#N/A,,,1830,MACETA TERRINA N░ 12,, $  700 
10904,COLLAR CUERO N° 5,#N/A,,,1914,MENSULAS PLASTICAS Nº 3,, $  1.600 
925,COLLAR N░ 1 ( 29 cm), $  1.200 ,,,1983,MYRMEC X 100 GR,, $  1.800 
926,COLLAR N░ 2 (34 cm), $  1.600 ,,,1941,MYRMEC X 200 GR,, $  2.800 
927,COLLAR N░ 3 ( 38 cm), $  1.700 ,,,844,NIDO EXTERNO ALAMBRE,, $  5.700 
928,COLLAR N░ 4 ( 43 cm), $  2.300 ,,,845,NIDO INTERNO PLASTICO,, $  1.400 
929,COLLAR N░ 5 ( 46 cm), $  2.300 ,,,957,OREJAS,, $  700 
930,COLLAR N░ 6 ( 52 cm), $  2.800 ,,,1898,PALITA PLASTICA ANCHA,, $  1.500 
931,COLLAR N░ 7 ( 58 cm), $  2.900 ,,,1899,PALITA PLASTICA FINA,, $  1.500 
10910,COLLAR REFORZADO,#N/A,,,958,PALITA SANITARIA,, $  400 
822,COLOR ROJO POTENCIADO X KG, $  9.700 ,,,10905,PECHERA CUERO CHICA,,#N/A
936,COMEDERO CHICO, $  600 ,,,10906,PECHERA CUERO GRANDE,,#N/A
937,COMEDERO DOBLE, $  2.000 ,,,761,PIEDRAS MULTICOLORES x 500 GR,, $  1.700 
938,COMEDERO GRANDE, $  2.200 ,,,,,,
939,COMEDERO MEDIANO, $  1.500 ,,,962,PIPETA CHICA,, $  1.900 
823,COMEDERO PARA GALLO, $  1.100 ,,,963,PIPETA EXTRA GRANDE,, $  2.700 
824,COMEDERO PLASTICO X 3 LT, $  4.900 ,,,964,PIPETA GATO,, $  1.800 
940,CONJUNTO CHICO, $  1.400 ,,,965,PIPETA GRANDE,, $  2.400 
941,CONJUNTO MEDIANO, $  1.800 ,,,966,PIPETA MEDIANA,, $  2.000 
942,CORREA N░ 1, $  3.000 ,,,967,POLAR N░ 0,, $  1.000 
943,CORREA N░ 2, $  3.700 ,,,968,POLAR N░ 1,, $  1.700 
944,CORREA N░ 3, $  4.900 ,,,977,POLAR N░ 10,, $  5.400 
1948,CUCAXAN CEBADERA X 6 UN, $  2.100 ,,,978,POLAR N░ 11,, $  5.700 
1949,CUCAXAN JERINGA X 6 GR, $  2.800 ,,,979,POLAR N░ 12,, $  6.300 
946,CURABICHERA PLATA AM NORT, $  7.800 ,,,969,POLAR N░ 2,, $  2.200 
1900,D-SIST GLACOXAN x 30 cc x 24 u, $  5.400 ,,,970,POLAR N░ 3,, $  2.600 
1901,D-SIST GLACOXAN x 60 cc x 24 u, $  7.300 ,,,971,POLAR N░ 4,, $  2.900 
947,ECTHOL X 120 CC, $  9.500 ,,,972,POLAR N░ 5,, $  3.300 
948,ECTHOL x 70 CC, $  5.800 ,,,973,POLAR N░ 6,, $  3.700 
1902,ESCOBAS BARREHOJAS plástica, $  2.200 ,,,974,POLAR N░ 7,, $  4.100 
1903,FERTIFOX FLORACION x 200 cc, $  5.400 ,,,975,POLAR N░ 8,, $  4.500 
1904,FERTIFOX FOLLAJE 200 cc, $  5.400 ,,,976,POLAR N░ 9,, $  4.900 
1905,FERTIFOX HORM. ENRAIZAR x 75 gr, $  9.000 ,,,12201,POLLITOS X UNIDAD,,#N/A
1906,FERTIFOX HORMONAS x 200 cc, $  5.400 ,,,980,PRETAL N░ 1,, $  1.800 
1907,FERTILIZANTE TRIPLE 15 X 1 KG, $  7.100 ,,,981,PRETAL N░ 2,, $  1.900 
1908,FERTILIZANTE TRIPLE 15 X 500 GR, $  3.700 ,,,982,PRETAL N░ 3,, $  2.600 
1921,FLUIDO INSUMAS X 500 CC, $  3.100 ,,,983,PRETAL N░ 4,, $  2.600 
1922,FLUIDO TRIUNFO X 1 LT, $  7.500 ,,,1928,PULVERIZADOR X 1 LT,, $  6.500 
1923,FLUIDO TRIUNFO X 500 CC, $  4.200 ,,,1929,"PULVERIZADOR X 1,5 LT",, $  24.900 
949,FORMITAS HUESOS, $  100 ,,,1932,PULVERIZADOR X 12 LT,, $  152.800 
1936,FORMIX CEBO X 100 GR, $  1.300 ,,,1933,PULVERIZADOR X 16 LT,, $  161.900 
1937,FORMIX CEBO X 250 GR, $  2.300 ,,,1934,PULVERIZADOR X 20 LT,, $  164.800 
1938,FORMIX CEBO X 500 GR, $  4.500 ,,,1930,PULVERIZADOR X 5 LT,, $  67.900 
1985,FORMIX L HORMIGUICIDA X 60 CC, $  800 ,,,1931,PULVERIZADOR X 9 LT,, $  77.500 
1924,FUMIXAN 50 GR X 1 PAST, $  7.900 ,,,1959,RATISADA LIQ. X 1 LT,, $  4.100 
1982,FUNGOXAN funguicida sist. x 30cc, $  5.600 ,,,1960,RATISADA LIQ. X 500 CC,, $  3.200 
1909,FUNGOXAN funguicida sist. x60cc, $  7.500 ,,,985,REPELENTE CON GATILLO,, $  5.000 
1910,GANCHOS LISOS PLASTICOS, $  500 ,,,986,REPELENTE SIN GATILLO - REPUESTO,, $  4.200 
1925,GATILLO PARA PULVERIZADOR, $  900 ,,,1935,REPUESTO GOMERA,, $  6.700 
1950,GERMANI GEL JERINGA X 5 GR, $  2.200 ,,,1915,SEMILLA CESPED 9 VARIEDADES X 500 GR,, $  6.200 
1977,GLACOXAN E LIQ X 120 CC, $  3.600 ,,,11015,SEMILLA MELON BONANZA,,#N/A
1939,GLACOXAN E. LIQ X 60 GR, $  2.500 ,,,11012,SEMILLA SANDIA CHARLES,,#N/A
1984,GLACOXAN FIPROFENO X 60 CC, $  5.500 ,,,11011,SEMILLA SANDIA CRIMSOM,,#N/A
1926,GLEX ACOPIO X 90 GR, $  12.700 ,,,11013,SEMILLA TRONQUERITA X GRR,,#N/A
11921,GLIFOSFATO 1/2 LT, $  -   ,,,11014,SEMILLA ZAPALLO PLOMO X GRR,,#N/A
11922,GLIFOSFATO X 1/4KG, $  -   ,,,1916,SEMILLAS AROMATICAS,, $  1.200 
11923,GLIFOSFATO X KG, $  -   ,,,1917,SEMILLAS FLORES,, $  1.200 
11924,GLIFOSFATO X LT, $  -   ,,,1918,SEMILLAS HORTALIZAS,, $  1.200 
825,GUGUI PASTON AL HUEVO X KG, $  3.400 ,,,849,SEVIN X KG,, $  -   
1971,HAMSTERA c/ BANDEJA - ROLLER, $  17.200 ,,,987,SHAMPOO OSSPRET  2 EN 1 X 250 CC,, $  7.300 
1911,HERBICIDA TOTAL X 100 CC, $  8.500 ,,,989,SHAMPOO OSSPRET CACHORRO X 250 CC,, $  6.700 
1912,HERBICIDA TOTAL X 200 CC, $  2.700 ,,,990,SHAMPOO OSSPRET TONALI X 250 CC,, $  6.200 
12220,HERRADURA JUEGO, $  -   ,,,992,SHAMPOO OSSPRET TRAD. X 250 CC,, $  6.700 
1940,HORMIXAN GEL JERINGA X 6 GR, $  500 ,,,766,SHULET AGUA FRIA X 1 KG,, $  62.200 
950,HUESITO N░ 3, $  800 ,,,767,SHULET AGUA FRIA X 20 GR,, $  3.700 
951,HUESITO N░ 5, $  1.400 ,,,768,SHULET AGUA FRIA X 40 GR,, $  6.400 
952,HUESITO N░ 7, $  2.400 ,,,769,SHULET AGUA FRIA X 9 GR,, $  2.000 
1120,JARDINERA MINI N░ 20, $  700 ,,,11925,SIPERMETRINA 100CC,,#N/A
1136,JARDINERA MINI N░ 36, $  1.300 ,,,11926,SIPERMETRINA X LTR,,#N/A
1166,JARDINERA N║ 27, $  1.700 ,,,11927,SULFAX X50GR,,#N/A
1135,JARDINERA N░ 35, $  2.100 ,,,1952,SUPER FLOW X 15 CC,, $  600 
1140,JARDINERA N░ 40, $  2.700 ,,,1953,SUPER FLOW X 60 CC,, $  2.400 
1145,JARDINERA N░ 45, $  2.400 ,,,1942,TALQUERA FORMIX X 1 KG,, $  4.700 
1155,JARDINERA N░ 55, $  4.000 ,,,1943,TALQUERA FORMIX X 250 GR,, $  2.900 
1165,JARDINERA N░ 65, $  6.800 ,,,1944,TALQUERA GLACOXAN X 250 GR,, $  3.600 
1170,JARDINERA OWEN N░ 35, $  1.500 ,,,1945,TALQUERA HORTAL X 250 GR,, $  3.500 
828,JAULA CHICA, $  17.800 ,,,993,TALQUERA PULGUICIDA ,, $  2.500 
1972,JAULA CONEJO MASCOTA, $  -   ,,,1946,TALQUERA ROLLER MAX X 250 GR,, $  3.200 
829,JAULA CRIADORA 2D2N4V, $  31.000 ,,,1961,TERMIXAN BLOQUES X 1 KG,, $  28.800 
830,JAULA CRIADORA 2D2N6V/NIDO EXT, $  37.300 ,,,1962,TERMIXAN BLOQUES X 90 GR,, $  6.100 
831,JAULA GRANDE, $  27.000 ,,,1963,TERMIXAN X 25 KG,, $  164.400 
832,JAULA LORERA GRANDE, $  56.700 ,,,1920,TIERRA,, $  900 
833,JAULA LORERA MEDIANA, $  42.800 ,,,1965,TRAMPAS LAUCHA MADERA,, $  1.300 
837,JAULA VOLADORA 50X30X30, $  48.100 ,,,1966,TRAMPAS RATAS MADERA,, $  2.800 
838,JAULA VOLADORA 75x30x30 c/4, $  61.200 ,,,1975,ULTRA JERINGA X 6 GR,, $  800 
839,JAULIN ALAMBRE N░ 1, $  12.000 ,,,1954,ULTRA MOSQ. 18 SOB X 30 GR,, $  1.700 
840,JAULIN ALAMBRE N░ 2, $  16.600 ,,,1968,ULTRA RATIC 30 SOBRES X 50 GR,, $  1.000 
841,JAULON C/PIE 3 DIVISIONES, $  23.700 ,,,1955,ULTRABOOM CASITAS X 2 UN,, $  3.900 
842,JAULON C/PIE 5 DIVISIONES, $  35.600 ,,,1974,VELOZAN LIQ X 60 CC,, $  5.100 
1951,K-OTHRINA X 15 CC, $  1.500 ,,,1990,GLADE AERO LAVANDA 380 CC X6,,#N/A
953,KIT P/ MASCOTA, $  4.000 ,,,1991,ESPIRAL RAID 5 EN 1 VERD 24 X 12,,#N/A
843,LENGUETERO, $  100 ,,,1992,OFF FAMILY AEROSOL 165 X 12,,#N/A
954,LOCION X 130 CC, $  8.100 ,,,1993,OFF CREMA FAMILY 60 CC X 12,,#N/A
955,LOCION X 50 CC, $  1.600 ,,,,,,
760,MAC SHULET TROPICAL X 10 GR, $  2.300 ,,,,,,
1204,MACETA BERTA N░ 7, $  500 ,,,,,,
1030,JAULA CHINA MED FANTASIA DOBLE, $  21.000 ,,,,,,
1031,JAULA CHINA MEDIANA ARCO, $  18.900 ,,,,,,
1032,JAULA CHINA MEDIANA CASA, $  18.900 ,,,,,,
,,,,,,,,
,,,,,,,,
,,,,,,,,
,,,,,,,,
,,,,,,,,
LIMPIEZA,,,,,,,,
,,,,,,,,
COD,DESCRIPCION,,UNIDAD,,,,,
12305,CEPILLO CHICO,,,,,,,
12306,CEPILLO GRANDE,,,,,,,
12317,CLORO 5LTS,,,,,,,
12300,ESCENCIA 5LTS,,,,,,,
12301,DETERGENTE 5 LTS,,,,,,,
12307,ESCOBA PAJA ESPECIAL,,,,,,,
12308,ESCOBA PAJA GRNDE,,,,,,,
12309,ESCOBILLON CHICO,,,,,,,
12310,ESCOBILLON GRADNE,,,,,,,
12302,JABON LIQUIDO 5LTS,,,,,,,
12303,LAVANDINA 5LTS,,,,,,,
12311,LIMPIA TECHO,,,,,,,
12312,MECHUDO,,,,,,,
12313,PALO DE ESCOBA,,,,,,,
12304,SUAVIZANTE ROPA 5 LTS,,,,,,,
,,,,,,,,
VARIOS,,,,,,,,
,,,,,,,,
COD,DESCRIPCION,,UNIDAD,,,,,
13512,ARROPE DE CHAÑAR,,,,,,,
13701,CHORIZO X KG,,,,,,,
13700,CHORIZO X UNIDAD,,,,,,,
13400,JUGO DE ARANDANO CON CHIA,,,,,,,
13514,MIEL AGUA DULCE X 250 CC,,,,,,,
13513,MIEL AGUA DULCE X 500 CC,,,,,,,